raw,processed,label,score
Kerja sama pemerintah dengan perusahaan farmasi asal Amerika Serikat yaitu Merck terkait obat alternatif Covid-19 Molnupiravir sudah masuk finalisasi.,kerja sama pemerintah dengan perusahaan farmasi asal amerika serikat yaitu merck terkait obat alternatif covid molnupiravir sudah masuk finalisasi,neutral,0.9882718920707703
Firli disebut memberikan perintah kepada penyidik KPK untuk melakukan penyidikan terkait penerimaan hadiah atau janji kepada pegawa negeri atau penyelenggara negara terkait pengadaan alat kesehatan rapid test Covid-19 melalui PT Rajawali Nusantara Indonesia (RNI) #FitnahSprindik,firli disebut memberikan perintah kepada penyidik kpk untuk melakukan penyidikan terkait penerimaan hadiah atau janji kepada pegawa negeri atau penyelenggara negara terkait pengadaan alat kesehatan rapid test covid melalui pt rajawali nusantara indonesia rni,neutral,0.9985482096672058
Melakukan penyidikan dugaan tindak pidana korupsi penerimaan hadiah atau janji kepada pegawai negeri atau penyelenggara negara terkait pengadaan alat kesehatan Rapid Test Covid-19Â #FitnahSprindik,melakukan penyidikan dugaan tindak pidana korupsi penerimaan hadiah atau janji kepada pegawai negeri atau penyelenggara negara terkait pengadaan alat kesehatan rapid test covid,neutral,0.9985761642456055
"Dalam sprindik palsu, Firli disebut memberikan perintah kepada penyidik KPK untuk melakukan penyidikan terkait penerimaan hadiah atau janji kepada pegawa negeri atau penyelenggara negara terkait pengadaan alat kesehatan rapid test Covid-19
#FitnahSprindik
FitnahSprindik",dalam sprindik palsu firli disebut memberikan perintah kepada penyidik kpk untuk melakukan penyidikan terkait penerimaan hadiah atau janji kepada pegawa negeri atau penyelenggara negara terkait pengadaan alat kesehatan rapid test covid fitnahsprindik,neutral,0.9984834790229797
"Dlm sprindik palsu yg dilihat,ketua kpk disebut memberikan perintah kepada penyidik KPK untuk melakukan penyidikan terkait penerimaan hadiah/janji kpd pegawa negeri/penyelenggara negara terkait pengadaan alat kesehatan rapid Covid-19 melalui PT Rajawali NusantaraÂ 
#FitnahSprindik",dalam sprindik palsu yang dilihat ketua kpk disebut memberikan perintah kepada penyidik kpk untuk melakukan penyidikan terkait penerimaan hadiah janji kepada pegawa negeri penyelenggara negara terkait pengadaan alat kesehatan rapid covid melalui pt rajawali nusantara,neutral,0.9985465407371521
Berita Hoax oleh oknum jahat serang Erick terkait kasus korupsi perihal penerimaan hadiah atau janji kepada pegawai negeri atau penyelenggara negara terkait pengadaan alat kesehatan Rapid Test Covid-19 #FitnahSpindik,berita isu bohong oleh oknum jahat serang erick terkait kasus korupsi perihal penerimaan hadiah atau janji kepada pegawai negeri atau penyelenggara negara terkait pengadaan alat kesehatan rapid test covid,neutral,0.992057740688324
Dg diadakan penyidikan yg menduga tindak pidana korupsi penerimaan hadiah atau janji kepada pegawai negeri atau penyelenggara negara terkait pengadaan alat kesehatan Rapid Test Covid-19Â #FitnahSprindik,dengan diadakan penyidikan yang menduga tindak pidana korupsi penerimaan hadiah atau janji kepada pegawai negeri atau penyelenggara negara terkait pengadaan alat kesehatan rapid test covid,neutral,0.9980880618095398
"Wah, bang Poltak, isunya harusnya lebih besar
Saya cukup kecewa ngeliat tweet dukungan abang terkait beberapa kebijakan pemerintah
Isunya adalah Negara hadir dengan berkemauan memberikan vaksin gratis bagi rakyatnya
Jika berbayar, lantas di mana posisi Negara? Broker?",wah mas poltak isunya harusnya lebih besar saya cukup kecewa melihat tweet dukungan abang terkait beberapa kebijakan pemerintah isunya adalah negara hadir dengan berkemauan memberikan vaksin gratis bagi rakyatnya jika berbayar lantas di mana posisi negara broker,negative,0.9997350573539734
"Satgas Penanganan COVID-19 meminta rumah sakit untuk menghentikan promosi kepada masyarakat terkait layanan pemesanan awal (pre-order) vaksin COVID-19, karena hingga saat ini pemerintah belum secara resmi memulai program vaksinasi.",satgas penanganan covid meminta rumah sakit untuk menghentikan promosi kepada masyarakat terkait layanan pemesanan awal pre order vaksin covid karena hingga saat ini pemerintah belum secara resmi memulai program vaksinasi,neutral,0.9966841340065002
"Harga ubat dan vaksin Covid-19 sebelum ini sentiasa menjadi rahsia komersial sensitif yang dikawal rapi. Namun, maklumat rahsia itu pecah apabila seorang menteri Belgium dikatakan secara tidak sengaja mendedahkan harga yang dipersetujui Kesatuan Eropahâ€¦",harga ubat dan vaksin covid sebelum ini sentiasa menjadi rahsia komersial sensitif yang dikawal rapi namun maklumat rahsia itu pecah apabila seorang menteri belgium dikatakan secara tidak sengaja mendedahkan harga yang dipersetujui kesatuan eropah,negative,0.9288503527641296
"Amerika Serikat telah melaporkan lebih dari 400.000 kasus baru COVID-19 dalam satu hari pada Jumat (18/12) lalu, menetapkan rekor dunia baru yang memprihatinkan ketika negara itu sedang mempersiapkan distribusi vaksin COVID-19 kedua ke negara bagian",amerika serikat telah melaporkan lebih dari kasus baru covid dalam satu hari pada jumat lalu menetapkan rekor dunia baru yang memprihatinkan ketika negara itu sedang mempersiapkan distribusi vaksin covid kedua ke negara bagian,negative,0.5652865171432495
"Pemerintah juga terus mendorong pihak-pihak terkait dalam pembuatan vaksin ini agar vaksin merah putih bisa lulus uji klinis tahap 3.
Kesenjangan distribusi vaksin Covid-19 antara negara maju dan negara berkembang kian mengkhawatirkan",pemerintah juga terus mendorong pihak pihak terkait dalam pembuatan vaksin ini agar vaksin merah putih bisa lulus uji klinis tahap kesenjangan distribusi vaksin covid antara negara maju dan negara berkembang kian mengkhawatirkan,negative,0.9028697609901428
"Kukar â€“ Polres Kutai Kartanegara bersama instansi terkait melaksanakan Penerapan Disiplin dan Penegakan Hukum Protokol Kesehatan sebagai Upaya Pencegahan dan Pengendalian Covid-19 serta, Selasa (1/9/2021).",kukar polres kutai kartanegara bersama instansi terkait melaksanakan penerapan disiplin dan penegakan hukum protokol kesehatan sebagai upaya pencegahan dan pengendalian covid serta selasa,neutral,0.9983067512512207
"""Saya ambil semua maklumat berkaitan vaksin dan Covid-19 daripada Internet termasuk membaca berita dari luar negara selain maklumat daripada ibu saya, ahli keluarga serta kenalan.
Their right but again, pls refer to a reliable source pls guysâ€¦",saya ambil semua maklumat berkaitan vaksin dan covid daripada internet termasuk membaca berita dari luar negara selain maklumat daripada ibu saya ahli keluarga serta kenalan their right but again tolong refer tryout reliable source tolong teman-teman,negative,0.805351972579956
"Akan tetapi, pemerintah masih memiliki pekerjaan rumah terkait pelaksanaan vaksinasi COVID-19 untuk kelompok lanjut usia yang baru mencapai 5,3 juta dosis atau 24,5 persen dari sasaran 21,5 juta untuk mendapatkan dosis pertama.",akan tetapi pemerintah masih memiliki pekerjaan rumah terkait pelaksanaan vaksinasi covid untuk kelompok lanjut usia yang baru mencapai juta dosis atau persen dari sasaran juta untuk mendapatkan dosis pertama,neutral,0.9978061318397522
"13 januari 2021 di Instana Negara. Presiden Joko Widodo adalah orang pertama yang menerima vaksin covid dengan vaksin buatan sinovac, diikuti oleh sejumlah pejabat, organisasi profesi perwakilan masyarakat, dan tokoh agama. Lalu pemberian vaksin covid-19 ke masyarakat dilakukan-",januari di instana negara presiden joko widodo adalah orang pertama yang menerima vaksin covid dengan vaksin buatan sinovac diikuti oleh sejumlah pejabat organisasi profesi perwakilan masyarakat dan tokoh agama lalu pemberian vaksin covid ke masyarakat dilakukan,neutral,0.9984672665596008
"Sudah setahun lebih pandemi covid-19 melanda seluruh negara di dunia dan belum diketahui kapan akan berakhir, akibat pandemi ini banyak aspek kehidupan manusia menjadi sangat sulit bukan hanya dalam bidang kesehatan bidang lainpun seperti ekonomi, keagamaan,kebudayaan serta",sudah setahun lebih pandemi covid melanda seluruh negara di dunia dan belum diketahui kapan akan berakhir akibat pandemi ini banyak aspek kehidupan manusia menjadi sangat sulit bukan hanya dalam bidang kesehatan bidang lainpun seperti ekonomi keagamaan kebudayaan serta,negative,0.9760532975196838
"Dilematis Vaksin merah putih : Hasil karya dalam negeri yang luput dari dukungan
Untuk menghilangkan Pandemi COVID-19 dari dunia ini kita sebagai umat manusia membutuhkan vaksin untuk menembalkan daya tahan tubuh kita terhadap virus ini. Berbagai negara berlomba-lomba untuk me..",dilematis vaksin merah putih hasil karya dalam negeri yang luput dari dukungan untuk menghilangkan pandemi covid dari dunia ini kita sebagai umat manusia membutuhkan vaksin untuk menembalkan daya tahan tubuh kita terhadap virus ini berbagai negara berlomba lomba untuk me,positive,0.8225672245025635
"sumbernya. Dengan ini, mahasiswa dapat mengambil bagian membantu negara dengan meyakinkan masyarakat soal keamanan, kehalalalan dan manfaat vaksin yang dapat menyelamatkan jiwa para penerima vaksin tersebut. Kami berharap dengan adanya vaksinasi Covid-19 menggunakan vaksin merah",sumbernya dengan ini mahasiswa dapat mengambil bagian membantu negara dengan meyakinkan masyarakat soal keamanan kehalalalan dan manfaat vaksin yang dapat menyelamatkan jiwa para penerima vaksin tersebut kami berharap dengan adanya vaksinasi covid menggunakan vaksin merah,positive,0.9934253692626953
"Maka dari itu, Pemerintah mengeluarkan kebijakan terkait Covid-19. Kebijakan pemerintah di dalam menanggulangi Coronavirus terdapat berbagai macam, diantaranya kebijakan Lockdown, Kebijakan pembentukan Protokol Kesehatan, dan pemberian vaksin ke seluruh warga negara indonesia.",maka dari itu pemerintah mengeluarkan kebijakan terkait covid kebijakan pemerintah di dalam menanggulangi coronavirus terdapat berbagai macam diantaranya kebijakan lockdown kebijakan pembentukan protokol kesehatan dan pemberian vaksin ke seluruh warga negara indonesia,neutral,0.9958154559135437
"Indonesia adalah negara yang masih tergolong rendah dalam penanganan Covid-19. Berdasarkan hasil riset lembaga Think Tank global Lowy Institute terkait pengendalian pandemic Covid-19 di berbagai negara pada awal tahun 2021, Indonesia menduduki peringkat ke 85 dari 98 negara.",indonesia adalah negara yang masih tergolong rendah dalam penanganan covid berdasarkan hasil riset lembaga think tank global lowy institute terkait pengendalian pandemic covid di berbagai negara pada awal tahun indonesia menduduki peringkat ke dari negara,neutral,0.9980120658874512
"Pada saat yang sama, sejumlah pejabat, tokoh agama, organisasi profesi serta perwakilan masyarakat turut mengikuti vaksinasi. Ada beberapa jenis vaksin yang digunakan di Indonesia yaitu Vaksin Covid-19 dari Sinovac, Vaksin Covid-19 dari perusahaan China ini merupakan yang paling",pada saat yang sama sejumlah pejabat tokoh agama organisasi profesi serta perwakilan masyarakat turut mengikuti vaksinasi ada beberapa jenis vaksin yang digunakan di indonesia yaitu vaksin covid dari sinovac vaksin covid dari perusahaan china ini merupakan yang paling,positive,0.8974186182022095
"Pada Maret 2021, pandemi Covid-19 genap setahun berada di Indonesia. Penemuan vaksin Covid-19 oleh berbagai negara menjadi sebuah upaya untuk mengakhiri pandemi ini. Namun, situasi tersebut menyebabkan munculnya berbagai pro dan kontra terkait vaksin Covid-19.",pada maret pandemi covid genap setahun berada di indonesia penemuan vaksin covid oleh berbagai negara menjadi sebuah upaya untuk mengakhiri pandemi ini namun situasi tersebut menyebabkan munculnya berbagai profesional dan kontra terkait vaksin covid,neutral,0.9732424020767212
"telah mencapai kemajuan yang sangat baik. Unair pada awalnya mempunyai lima platform dalam pengembangan vaksin Covid-19 Indonesia ini. Namun, saat ini yang masih berjalan dan dipilih oleh tim peneliti adalah platform inactivated virus. Sementara itu, terkait dengan kemajuan",telah mencapai kemajuan yang sangat baik unair pada awalnya mempunyai lima platform dalam pengembangan vaksin covid indonesia ini namun saat ini yang masih berjalan dan dipilih oleh tim peneliti adalah platform inactivated virus sementara itu terkait dengan kemajuan,positive,0.9875409007072449
"Program vaksinasi COVID-19 di Indonesia mulai dilakukan oleh pemerintah. Pada saat yang sama, sejumlah pejabat, tokoh agama, organisasi profesi serta perwakilan masyarakat turut mengikuti vaksinasi.",program vaksinasi covid di indonesia mulai dilakukan oleh pemerintah pada saat yang sama sejumlah pejabat tokoh agama organisasi profesi serta perwakilan masyarakat turut mengikuti vaksinasi,neutral,0.9979428648948669
"[Dilematika Vaksin Merah Putih]
-A Thread-
Di tahun 2021 ini vaksin Covid-19 mulai ditemukan dan didistribusikan ke berbagai negara. Salah satunya adalah Indonesia. Pemerintah telah menyuntikkan 50,6 juta dosis vaksin virus corona Covid-19 hingga Jumat, 9 Juli 2021.",dilematika vaksin merah putih thread di tahun ini vaksin covid mulai ditemukan dan didistribusikan ke berbagai negara salah satunya adalah indonesia pemerintah telah menyuntikkan juta dosis vaksin virus corona covid hingga jumat juli,neutral,0.9968557357788086
"(Ancaman kesehatan secara nasional) wabah pandemi pada 11 Maret 2020. Untuk membantu negara lain mengantipasi virus tersebut, WHO mengpublikasikan sebuah paket yang berisi tentang dokumens pengarahan, meliputi topik terkait dengan management tentang wabah pandemi covid-19 (4/?)",ancaman kesehatan secara nasional wabah pandemi pada maret untuk membantu negara lain mengantipasi virus tersebut who mengpublikasikan sebuah paket yang berisi tentang dokumens pengarahan meliputi topik terkait dengan management tentang wabah pandemi covid,neutral,0.9900529980659485
"Program vaksinasi COVID-19 di Indonesia mulai dilakukan oleh pemerintah, pada Rabu (13/1) pagi di Istana Negara. Orang yang pertama kali disuntik vaksin buatan Sinovac adalah Presiden Joko Widodo. Pada saat yang sama, sejumlah pejabat, tokoh agama, organisasi profesi serta",program vaksinasi covid di indonesia mulai dilakukan oleh pemerintah pada rabu pagi di istana negara orang yang pertama kali disuntik vaksin buatan sinovac adalah presiden joko widodo pada saat yang sama sejumlah pejabat tokoh agama organisasi profesi serta,neutral,0.9967833757400513
"negara Indonesia. Agar tidak selalu mengandalkan impor dari luar negeri. Jika kita negara Indonesia bisa, mengapa tidak? Dan saya, mendukung penuh terkait dengan masalah perkembangan produksi vaksinasi covid-19 yang sedang diproduksi oleh Indonesia. Saya juga turut prihatin",negara indonesia agar tidak selalu mengandalkan impor dari luar negeri jika kita negara indonesia bisa mengapa tidak dan saya mendukung penuh terkait dengan masalah perkembangan produksi vaksinasi covid yang sedang diproduksi oleh indonesia saya juga turut prihatin,positive,0.9958094358444214
"Kementerian Keuangan mencatat, realisasi insentif bea masuk dan pajak dalam rangka impor (PDRI) untuk impor vaksin serta alat kesehatan terkait dengan penanganan Covid-19 hingga pekan ketiga April 2021 mencapai Rp1,56 triliun. Dana yang digunakan untuk pembebasan bea masuk",kementerian keuangan mencatat realisasi insentif bea masuk dan pajak dalam rangka impor pdri untuk impor vaksin serta alat kesehatan terkait dengan penanganan covid hingga pekan ketiga april mencapai rp triliun dana yang digunakan untuk pembebasan bea masuk,neutral,0.997706413269043
"vaksin Covid-19 masih belum merata, ada yang baru menerima suntikan pertama, sudah menerima suntikan penuh dan bahkan ada yang sama sekali belum menerima suntikan vaksin Covid-19. Yuk kita dukung pemerintah, dan sejumlah kampus yang terkait, serta lembaga kesehatan",vaksin covid masih belum merata ada yang baru menerima suntikan pertama sudah menerima suntikan penuh dan bahkan ada yang sama sekali belum menerima suntikan vaksin covid yuk kita dukung pemerintah dan sejumlah kampus yang terkait serta lembaga kesehatan,negative,0.47428473830223083
"Terlebih lagi, tren kasus positif Covid-19 terus meningkat dengan munculnya varian Delta di berbagai daerah. Akan tetapi, tidak hanya menambah pasokan jumlah vaksin impor saja, saat ini pemerintah telah bekerjasama dengan instansi terkait untuk melakukan penelitian dan..",terlebih lagi trend kasus positif covid terus meningkat dengan munculnya varian delta di berbagai daerah akan tetapi tidak hanya menambah pasokan jumlah vaksin impor saja saat ini pemerintah telah bekerjasama dengan instansi terkait untuk melakukan penelitian dan,positive,0.8412367105484009
"Berarti total jumlah vaksinasi kedua di Indonesia mencapai 27.228.923. Sebagai informasi, pemerintah Indonesia memasang target total vaksinasi Covid-19 sebanyak 208.265.720. Jika dibandingkan dengan total sasaran Covid-19 tersebut berarti hingga Jumat (13/8), vaksinasi dosis",berarti total jumlah vaksinasi kedua di indonesia mencapai sebagai informasi pemerintah indonesia memasang target total vaksinasi covid sebanyak jika dibandingkan dengan total sasaran covid tersebut berarti hingga jumat vaksinasi dosis,neutral,0.9965755343437195
Meningkatnya kasus COVID-19 di Indonesia membuat negara ini perlu untuk melakukan penelitian terkait pembuatan vaksin COVID-19 yang dinamakan dengan vaksin Merah Putih.,meningkatnya kasus covid di indonesia membuat negara ini perlu untuk melakukan penelitian terkait pembuatan vaksin covid yang dinamakan dengan vaksin merah putih,neutral,0.9875146150588989
"sanggup melawan mutasi virus covid-19 varian delta. Namun dalam pengembangannya, vaksin merah putih harus menemui berbagai persyaratan dan hambatan. Dilihat dari berbagai alasan pemerintah terkait sejumlah kendala yang ada, serta sikap pemerintah yang tampak kurang suportif,",sanggup melawan mutasi virus covid varian delta namun dalam pengembangannya vaksin merah putih harus menemui berbagai persyaratan dan hambatan dilihat dari berbagai alasan pemerintah terkait sejumlah kendala yang ada serta sikap pemerintah yang tampak kurang suportif,negative,0.7563374042510986
"Menurut saya, pemerintah sudah sepantasnya mendukung dan ikut turut serta berkerja sama dengan mitra-mitra yang terkait dalam pengembangan Vaksin Merah Putih ini. Pengembangan Vaksin Merah Putih ini juga merupakan upaya pemerintah untuk mandiri dalam program vaksinasi covid-19",menurut saya pemerintah sudah sepantasnya mendukung dan ikut turut serta berkerja sama dengan mitra mitra yang terkait dalam pengembangan vaksin merah putih ini pengembangan vaksin merah putih ini juga merupakan upaya pemerintah untuk mandiri dalam program vaksinasi covid,neutral,0.8478360772132874
"Kriteria tersebut adalah aman, efektif, dan halal serta dalam jumlah yang cukup untuk memenuhi kebutuhan di dalam negeri.
Mayoritas responden optimistisÂ vaksin Covid-19 bernama Merah Putih yang dikembangkan Kementerian Riset dan Teknologi Republik Indonesia",kriteria tersebut adalah aman efektif dan halal serta dalam jumlah yang cukup untuk memenuhi kebutuhan di dalam negeri mayoritas responden optimistis vaksin covid bernama merah putih yang dikembangkan kementerian riset dan teknologi republik indonesia,positive,0.8228726983070374
"Riset pembangunan vaksin tidak membutuhkan biaya yang sedikit. Dalam hal vaksinasi, MUI mendorong agar lebih menggencarkan cakupan pelaksanaan vaksinasi Covid-19 kepada masayarakat untuk memberi perlindungan serta mendorong pemerintah menghentikan penerbangan dari luar negeri",riset pembangunan vaksin tidak membutuhkan biaya yang sedikit dalam hal vaksinasi mui mendorong agar lebih menggencarkan cakupan pelaksanaan vaksinasi covid kepada masayarakat untuk memberi perlindungan serta mendorong pemerintah menghentikan penerbangan dari luar negeri,neutral,0.9930289387702942
"internasional terkait keberhasilan produksi vaksin dalam negeri. Apabila diperlukan, kita juga dapat mengekspor vaksin buatan dalam negeri ke negara-negara lain yang membutuhkan, sehingga Indonesia dapat membantu menekan penyebaran dan pertambahan kasus covid-19 di dunia",internasional terkait keberhasilan produksi vaksin dalam negeri apabila diperlukan kita juga dapat mengekspor vaksin buatan dalam negeri ke negara negara lain yang membutuhkan sehingga indonesia dapat membantu menekan penyebaran dan pertambahan kasus covid di dunia,positive,0.9976032376289368
"melakukan pendekatan yang lebih intens ke negara-negara produksi vaksin,dan diharapkan Indonesia menjadi negara yang diprioritaskan untuk menerima vaksin covid-19 ketimbang negara lain. Pengembangan vaksin merah putih ini juga terkait masalah kemandirian bangsa oleh karena itu",melakukan pendekatan yang lebih intens ke negara negara produksi vaksin dan diharapkan indonesia menjadi negara yang diprioritaskan untuk menerima vaksin covid ketimbang negara lain pengembangan vaksin merah putih ini juga terkait masalah kemandirian bangsa oleh karena itu,neutral,0.7507089972496033
"Berbagai lembaga negara pun sudah menghimbau agar vaksin Merah Putih ini segera dituntaskan dan bisa segera diproduksi di Indonesia. Salah satunya yaitu Majelis Ulama Indonesia (MUI). MUI menilai angka penularan Covid-19 di sejumlah daerah di Indonesia masih tinggi,",berbagai lembaga negara pun sudah menghimbau agar vaksin merah putih ini segera dituntaskan dan bisa segera diproduksi di indonesia salah satunya yaitu majelis ulama indonesia mui mui menilai angka penularan covid di sejumlah daerah di indonesia masih tinggi,neutral,0.9826342463493347
"Selanjutnya pemerintah melaksanakan PSBB,larangan mudik,dan diadakanya vaksinasi.Dengan adanya jenis virus covid 19 yang cukup banyak pemerintah mendatangkan vaksin dari negara China.Vaksin Covid-19 Sinovac adalah vaksin pertama yang digunakan di Indonesia. L",selanjutnya pemerintah melaksanakan psbb larangan mudik dan diadakanya vaksinasi dengan adanya jenis virus covid yang cukup banyak pemerintah mendatangkan vaksin dari negara china vaksin covid sinovac adalah vaksin pertama yang digunakan di indonesia,neutral,0.9929505586624146
"jika pemerintah dapat mendukung vaksin dari negara kita sendiri. Hal ini juga didukung oleh pernyataan MUI, Majelis Ulama Indonesia (MUI) mengatakan pemerintah harus dapat mendorong dan mendukung penelitian dan pengembangan vaksin nasional virus corona (COVID19) yang dikelola",jika pemerintah dapat mendukung vaksin dari negara kita sendiri hal ini juga didukung oleh pernyataan mui majelis ulama indonesia mui mengatakan pemerintah harus dapat mendorong dan mendukung penelitian dan pengembangan vaksin nasional virus corona covid yang dikelola,neutral,0.9968871474266052
"Berangkat dari itu, Saleh menambahkan, masyarakat tidak perlu mencurigai langkah China mengimpor vaksin dari negara lain. Ia berharap, penyelidikan terkait penyebab China mengimpor vaksin Covid-19 bisa mempertahankan kepercayaan publik terhadap vaksin buatan Sinovac.",berangkat dari itu saleh menambahkan masyarakat tidak perlu mencurigai langkah china mengimpor vaksin dari negara lain ia berharap penyelidikan terkait penyebab china mengimpor vaksin covid bisa mempertahankan kepercayaan publik terhadap vaksin buatan sinovac,neutral,0.9897453188896179
"pengembangan pembuatan vaksin virus covid-19 yang dilakukan oleh anak bangsa seperti vaksin merah putih tersebut. MUI juga meminta untuk pemerintah mencegah penerbangan dari luar negeri di tengah maraknya virus covid-19 ini, terutama di negara-negara seperti, China dan India. Pe-",pengembangan pembuatan vaksin virus covid yang dilakukan oleh anak bangsa seperti vaksin merah putih tersebut mui juga meminta untuk pemerintah mencegah penerbangan dari luar negeri di tengah maraknya virus covid ini terutama di negara negara seperti china dan india pe,neutral,0.9548127055168152
"vaksin virus covid-19 yang dilakukan oleh anak bangsa seperti vaksin merah putih ini. MUI juga meminta kepada pemerintah agar mencegah penerbangan dari luar negeri di tengah maraknya virus covid-19 ini terutama di negara-negara yang sedang marak seperti, China dan India.",vaksin virus covid yang dilakukan oleh anak bangsa seperti vaksin merah putih ini mui juga meminta kepada pemerintah agar mencegah penerbangan dari luar negeri di tengah maraknya virus covid ini terutama di negara negara yang sedang marak seperti china dan india,negative,0.36892908811569214
Dalam proses penanganan covid-19 pemerintah selalu berusaha mencari solusi terbaik dengan banyak melakukan riset-riset terkait wabah ini. Bahkan pihak pemerintah juga bekerja sama dengan negara lain untuk menghadapi wabah ini bersama-sama.,dalam proses penanganan covid pemerintah selalu berusaha mencari solusi terbaik dengan banyak melakukan riset riset terkait wabah ini bahkan pihak pemerintah juga bekerja sama dengan negara lain untuk menghadapi wabah ini bersama sama,positive,0.8385477662086487
"vaksinasi oleh pemerintah mendapat respon yang positif. Sehubungan dengan itu, upaya pencegahan pandemi Covid-19 di, Indonesia masih belum memberikan hasil perkembangan yang positif. Semakin hari jumlah pasien semakin meningkat. Berdasarkan laporan dari Worldometer per 02",vaksinasi oleh pemerintah mendapat respon yang positif sehubungan dengan itu upaya pencegahan pandemi covid di indonesia masih belum memberikan hasil perkembangan yang positif semakin hari jumlah pasien semakin meningkat berdasarkan laporan dari worldometer per,negative,0.6213304996490479
"masih byk pihak kontra terkait progam pemerintah ini,tapi peningkatan covid-19 diawal Agustus 2021 ini memberi peluang besar pemerintah u/ menjalankan progamnya. Karena, pemberian vaksinasi terus meningkat terkait peneriamanya, baik dosis yang pertama maupun dosis yang kedua.",masih banyak pihak kontra terkait progam pemerintah ini tapi peningkatan covid diawal agustus ini memberi peluang besar pemerintah menjalankan progamnya karena pemberian vaksinasi terus meningkat terkait peneriamanya baik dosis yang pertama maupun dosis yang kedua,positive,0.9861965775489807
"Hal ini tak luput dari ke khawatiran masyarakat terkait dengan mutasi virus covid-19 yang lebih ganas dari jenis virus sebelumnya.
Karena permintaan vaksin yang cukup pesat, banyak negara yang berlomba untuk mendapatkan vaksin yang lebih baik dalam mencegah virus Covid-19.",hal ini tidak luput dari ke khawatiran masyarakat terkait dengan mutasi virus covid yang lebih ganas dari jenis virus sebelumnya karena permintaan vaksin yang cukup pesat banyak negara yang berlomba untuk mendapatkan vaksin yang lebih baik dalam mencegah virus covid,positive,0.9995502829551697
"Jadi, terakhir harapan saya untuk pemerintah dan pihak-pihak yang terkait segera bisa menyelesaikan produksi vaksin merah putih tersebut. Agar mengurangi kasus yang ditimbulkan Covid-19 dan memberikan rasa aman kepada rakyat Indonesia dan mengembalikan keadaan ekonomi Indonesia.",jadi terakhir harapan saya untuk pemerintah dan pihak pihak yang terkait segera bisa menyelesaikan produksi vaksin merah putih tersebut agar mengurangi kasus yang ditimbulkan covid dan memberikan rasa aman kepada rakyat indonesia dan mengembalikan keadaan ekonomi indonesia,positive,0.9934375882148743
"@khalids Kadang2 terfikir gak, agamawan tak nak persoalkan ke hukum kerajaan membeli barang yang ada unsur keraguan ni? Banyak keraguan dalam vaksin COVID-19 especially dia punya effectiveness. Kalau kerajaan kata efektif, kenapa perlu dos 3 &amp; 4 (israel)?",kadang terfikir enggak agamawan tidak mau persoalkan ke hukum kerajaan membeli barang yang ada unsur keraguan ini banyak keraguan dalam vaksin covid especially dia punya effectivene kalau kerajaan kata efektif kenapa perlu dos amp israel,positive,0.8478924036026001
"Pada hari ini, Jumat (24/9/2021), Kementerian Kesehatan (Kemenkes) mencatat bahwa positivity rate harian Covid-19 per mencapai 1,48%.
Baca selengkapnya, klik ğŸ‘‡ #UpdateCovid19",pada hari ini jumat kementerian kesehatan kemenkes mencatat bahwa positivity rate harian covid per mencapai baca selengkapnya klik,neutral,0.9896531701087952
Indonesia terus mendapat bantuan vaksin COVID-19 dari beragam negara. Pada Jumat (24/9) pemerintah menerima dua juta dosis vaksin Sinovac sumbangan dari China yang tiba di Bandar Udara Internasional Soekarno Hatta.,indonesia terus mendapat bantuan vaksin covid dari beragam negara pada jumat pemerintah menerima dua juta dosis vaksin sinovac sumbangan dari china yang tiba di bandar udara internasional soekarno hatta,neutral,0.9986221790313721
"#SobatRupiah, pandemi Covid-19 memberi pelajaran berharga, termasuk dalam menjaga pertumbuhan ekonomi negara. Beberapa hal yang bisa dipelajari antara lain pentingnya sinergitas antara BI, Pemerintah, dan otoritas terkait lainnya untuk memitigasi guncangan akibat pandemi. #BInfo",pandemi covid memberi pelajaran berharga termasuk dalam menjaga pertumbuhan ekonomi negara beberapa hal yang bisa dipelajari antara lain pentingnya sinergitas antara bi pemerintah dan otoritas terkait lainnya untuk memitigasi guncangan akibat pandemi,positive,0.8902636170387268
@maspiyuaja Di China begitu. Ada loh negara yg menjarakan ulama hanya karena bilang saya sehat terkait covid19. Kurang zalim gimana coba?,di china begitu ada loh negara yang menjarakan ulama hanya karena bilang saya sehat terkait covid kurang zalim bagaimana coba,negative,0.9996620416641235
"@ABSetyono @kemkominfo @PlateJohnny @jokowi Kementerian Komunikasi dan Informatika (Kominfo) mencatat dan melabeli ribuan hoaks terkait Covid-19 dan vaksin.
@kemkominfo",kementerian komunikasi dan informatika kominfo mencatat dan melabeli ribuan hoaks terkait covid dan vaksin,neutral,0.998822033405304
"Sebanyak 14 Kepala Puskesmas di Kabupaten Bintan, Kepulauan Riau dilaporkan mengembalikan uang dugaan korupsi terkait dana insentif tenaga kesehatan perorangan Covid-19 Kabupaten Bintan Tahun Anggaran 2020-2021 senilai Rp 504 Juta kepada Kejari Bintan.",sebanyak kepala puskesmas di kabupaten bintan kepulauan riau dilaporkan mengembalikan uang dugaan korupsi terkait dana insentif tenaga kesehatan perorangan covid kabupaten bintan tahun anggaran senilai rp juta kepada kejari bintan,neutral,0.997579038143158
Presiden Joko Widodo (Jokowi) mengungkapkan kegembiraannya terkait pencapaian vaksinasi Covid-19 di Indonesia yang telah mencapai 281 juta dosis.,presiden joko widodo jokowi mengungkapkan kegembiraannya terkait pencapaian vaksinasi covid di indonesia yang telah mencapai juta dosis,neutral,0.9973413348197937
"Dengan menaikkan pemberitaan terkait #RussiaUkraineConflict secara tidak langsung Anda sudah membantu mengantarkan COVID-19 pulang ke negara asalnya, tidak ada lagi PCR tidak ada lagi Antigen.",dengan menaikkan pemberitaan terkait secara tidak langsung anda sudah membantu mengantarkan covid pulang ke negara asalnya tidak ada lagi pcr tidak ada lagi antigen,negative,0.9975751042366028
"Layanan Vaksin Gratis Akan Disediakan di Simpul Transportasi Untuk Para Pemudik Yang Belum Booster: Kabar baik untuk para pemudik, Kementerian Perhubungan (Kemenhub) akan menyediakan layanan vaksinasi gratis yangâ€¦ #Nasional #covid19 #mudiklebaran2022",layanan vaksin gratis akan disediakan di simpul transportasi untuk para pemudik yang belum booster kabar baik untuk para pemudik kementerian perhubungan kemenhub akan menyediakan layanan vaksinasi gratis yang,neutral,0.9967466592788696
"Dr. Khairul mengatakan, Vaksin booster di Tarakan baru mencapai 13,27% untuk usia 18 tahun keatas. Saat ini kasus Covid-19 di Tarakan mengalami penurunan, namun ia menghimbau masyarakat agar tetap mematuhi prokes saat mudik lebaran 2022.",dari khairul mengatakan vaksin booster di tarakan baru mencapai untuk usia tahun keatas saat ini kasus covid di tarakan mengalami penurunan namun ia menghimbau masyarakat agar tetap mematuhi prokes saat mudik lebaran,neutral,0.9978654980659485
"Update Data Covid-19 Kabupaten Kutai Kartanegara
Jumat , 08 April 2022
Sumber Data:
Dinas Kesehatan Kabupaten Kutai Kartanegara
#prokomkukar
#covid19
#bersamalawancorona
#rsudamparikesit
#dinkeskukar
#dirumahaja
#infokukar
#komitmenpemkabkukar
#kutaikartanegara",update data covid kabupaten kutai kartanegara jumat april sumber data dinas kesehatan kabupaten kutai kartanegara,neutral,0.9983593821525574
